/*
SQLyog Ultimate v12.08 (64 bit)
MySQL - 5.5.48 : Database - score
*********************************************************************
*/

/*!40101 SET NAMES utf8 */;

/*!40101 SET SQL_MODE=''*/;

/*!40014 SET @OLD_UNIQUE_CHECKS=@@UNIQUE_CHECKS, UNIQUE_CHECKS=0 */;
/*!40014 SET @OLD_FOREIGN_KEY_CHECKS=@@FOREIGN_KEY_CHECKS, FOREIGN_KEY_CHECKS=0 */;
/*!40101 SET @OLD_SQL_MODE=@@SQL_MODE, SQL_MODE='NO_AUTO_VALUE_ON_ZERO' */;
/*!40111 SET @OLD_SQL_NOTES=@@SQL_NOTES, SQL_NOTES=0 */;
CREATE DATABASE /*!32312 IF NOT EXISTS*/`score` /*!40100 DEFAULT CHARACTER SET utf8 */;

USE `score`;

/*Table structure for table `t_integral` */

DROP TABLE IF EXISTS `t_integral`;

CREATE TABLE `t_integral` (
  `id` int(11) NOT NULL AUTO_INCREMENT COMMENT '积分表id',
  `user_id` int(11) NOT NULL COMMENT '用户id',
  `score` int(11) NOT NULL COMMENT '用户每天的积分',
  `create_date` datetime NOT NULL COMMENT '积分添加时间',
  PRIMARY KEY (`id`)
) ENGINE=InnoDB AUTO_INCREMENT=209 DEFAULT CHARSET=utf8;

/*Data for the table `t_integral` */

insert  into `t_integral`(`id`,`user_id`,`score`,`create_date`) values (1,4,8,'2020-02-01 00:00:00'),(2,7,14,'2020-02-01 00:00:00'),(3,3,5,'2020-02-01 00:00:00'),(4,5,8,'2020-02-01 00:00:00'),(5,6,8,'2020-02-01 00:00:00'),(6,14,5,'2020-02-01 00:00:00'),(7,8,3,'2020-02-01 00:00:00'),(8,9,8,'2020-02-01 00:00:00'),(9,11,8,'2020-02-01 00:00:00'),(10,7,8,'2020-02-02 00:00:00'),(11,5,8,'2020-02-02 00:00:00'),(12,6,8,'2020-02-02 00:00:00'),(13,8,8,'2020-02-02 00:00:00'),(14,3,8,'2020-02-02 00:00:00'),(15,4,8,'2020-02-02 00:00:00'),(16,11,8,'2020-02-02 00:00:00'),(17,14,3,'2020-02-02 00:00:00'),(18,9,8,'2020-02-02 00:00:00'),(19,7,8,'2020-02-03 00:00:00'),(20,5,8,'2020-02-03 00:00:00'),(21,6,8,'2020-02-03 00:00:00'),(22,8,6,'2020-02-03 00:00:00'),(23,3,5,'2020-02-03 00:00:00'),(24,4,8,'2020-02-03 00:00:00'),(25,11,8,'2020-02-03 00:00:00'),(26,14,3,'2020-02-03 00:00:00'),(27,9,8,'2020-02-03 00:00:00'),(28,7,8,'2020-02-04 00:00:00'),(29,6,8,'2020-02-04 00:00:00'),(30,14,5,'2020-02-04 00:00:00'),(31,8,6,'2020-02-04 00:00:00'),(32,11,8,'2020-02-04 00:00:00'),(33,5,8,'2020-02-04 00:00:00'),(34,4,8,'2020-02-04 00:00:00'),(35,3,5,'2020-02-04 00:00:00'),(36,9,8,'2020-02-04 00:00:00'),(37,6,8,'2020-02-05 00:00:00'),(38,7,8,'2020-02-05 00:00:00'),(39,3,8,'2020-02-05 00:00:00'),(40,14,5,'2020-02-05 00:00:00'),(41,11,8,'2020-02-05 00:00:00'),(42,4,8,'2020-02-05 00:00:00'),(43,5,5,'2020-02-05 00:00:00'),(44,9,8,'2020-02-05 00:00:00'),(45,8,8,'2020-02-05 00:00:00'),(46,7,8,'2020-02-06 00:00:00'),(47,6,8,'2020-02-06 00:00:00'),(48,14,3,'2020-02-06 00:00:00'),(49,8,8,'2020-02-06 00:00:00'),(50,11,8,'2020-02-06 00:00:00'),(51,5,8,'2020-02-06 00:00:00'),(52,4,8,'2020-02-06 00:00:00'),(53,3,8,'2020-02-06 00:00:00'),(54,9,8,'2020-02-06 00:00:00'),(55,3,8,'2020-02-07 00:00:00'),(56,7,8,'2020-02-08 00:00:00'),(57,5,8,'2020-02-07 00:00:00'),(58,14,5,'2020-02-07 00:00:00'),(59,8,8,'2020-02-07 00:00:00'),(60,6,5,'2020-02-07 00:00:00'),(61,4,8,'2020-02-07 00:00:00'),(62,11,8,'2020-02-07 00:00:00'),(63,9,8,'2020-02-07 00:00:00'),(64,3,8,'2020-02-08 00:00:00'),(65,7,8,'2020-02-08 00:00:00'),(66,5,8,'2020-02-08 00:00:00'),(67,14,3,'2020-02-08 00:00:00'),(68,8,8,'2020-02-08 00:00:00'),(69,6,11,'2020-02-08 00:00:00'),(70,4,8,'2020-02-08 00:00:00'),(71,11,8,'2020-02-08 00:00:00'),(72,9,8,'2020-02-08 00:00:00'),(73,1,3,'2020-02-09 00:00:00'),(74,2,8,'2020-02-09 00:00:00'),(75,3,8,'2020-02-09 00:00:00'),(76,4,8,'2020-02-09 00:00:00'),(77,16,8,'2020-02-09 00:00:00'),(78,5,8,'2020-02-09 00:00:00'),(79,12,5,'2020-02-09 00:00:00'),(80,6,11,'2020-02-09 00:00:00'),(81,7,8,'2020-02-09 00:00:00'),(82,14,5,'2020-02-09 00:00:00'),(83,8,5,'2020-02-09 00:00:00'),(84,9,8,'2020-02-09 00:00:00'),(85,10,8,'2020-02-09 00:00:00'),(86,11,8,'2020-02-09 00:00:00'),(87,13,3,'2020-02-09 00:00:00'),(88,1,3,'2020-02-10 00:00:00'),(89,2,8,'2020-02-10 00:00:00'),(90,3,8,'2020-02-10 00:00:00'),(91,4,8,'2020-02-10 00:00:00'),(92,5,8,'2020-02-10 00:00:00'),(93,6,8,'2020-02-10 00:00:00'),(94,7,8,'2020-02-10 00:00:00'),(95,8,8,'2020-02-10 00:00:00'),(96,9,8,'2020-02-10 00:00:00'),(97,10,3,'2020-02-10 00:00:00'),(98,11,8,'2020-02-10 00:00:00'),(99,12,11,'2020-02-10 00:00:00'),(100,13,8,'2020-02-10 00:00:00'),(101,1,3,'2020-02-11 00:00:00'),(102,2,8,'2020-02-11 00:00:00'),(103,3,8,'2020-02-11 00:00:00'),(104,4,11,'2020-02-11 00:00:00'),(105,5,8,'2020-02-11 00:00:00'),(106,6,11,'2020-02-11 00:00:00'),(107,7,8,'2020-02-11 00:00:00'),(108,8,8,'2020-02-11 00:00:00'),(109,9,8,'2020-02-11 00:00:00'),(110,10,8,'2020-02-11 00:00:00'),(111,11,8,'2020-02-11 00:00:00'),(112,12,3,'2020-02-11 00:00:00'),(113,13,8,'2020-02-11 00:00:00'),(114,14,3,'2020-02-11 00:00:00'),(115,15,8,'2020-02-11 00:00:00'),(116,2,8,'2020-02-12 00:00:00'),(117,12,5,'2020-02-12 00:00:00'),(118,5,8,'2020-02-12 00:00:00'),(119,3,13,'2020-02-12 00:00:00'),(120,13,8,'2020-02-12 00:00:00'),(121,7,8,'2020-02-12 00:00:00'),(122,14,5,'2020-02-12 00:00:00'),(123,9,8,'2020-02-12 00:00:00'),(124,6,8,'2020-02-12 00:00:00'),(125,10,8,'2020-02-12 00:00:00'),(126,15,8,'2020-02-12 00:00:00'),(127,8,5,'2020-02-12 00:00:00'),(128,11,8,'2020-02-12 00:00:00'),(129,2,8,'2020-02-13 00:00:00'),(130,12,3,'2020-02-13 00:00:00'),(131,5,8,'2020-02-13 00:00:00'),(132,3,8,'2020-02-13 00:00:00'),(133,7,12,'2020-02-13 00:00:00'),(134,11,8,'2020-02-13 00:00:00'),(135,14,3,'2020-02-13 00:00:00'),(136,4,8,'2020-02-13 00:00:00'),(137,6,18,'2020-02-13 00:00:00'),(138,10,8,'2020-02-13 00:00:00'),(139,8,3,'2020-02-13 00:00:00'),(140,9,8,'2020-02-13 00:00:00'),(141,2,8,'2020-02-14 00:00:00'),(142,12,5,'2020-02-14 00:00:00'),(143,5,8,'2020-02-14 00:00:00'),(144,3,8,'2020-02-14 00:00:00'),(145,7,8,'2020-02-14 00:00:00'),(146,11,8,'2020-02-14 00:00:00'),(147,14,3,'2020-02-14 00:00:00'),(148,4,8,'2020-02-14 00:00:00'),(149,6,8,'2020-02-14 00:00:00'),(150,10,11,'2020-02-14 00:00:00'),(151,8,8,'2020-02-14 00:00:00'),(152,9,8,'2020-02-14 00:00:00'),(153,15,5,'2020-02-14 00:00:00'),(154,17,3,'2020-02-14 00:00:00'),(155,14,5,'2020-02-15 00:00:00'),(156,2,8,'2020-02-15 00:00:00'),(157,17,5,'2020-02-15 00:00:00'),(158,3,8,'2020-02-15 00:00:00'),(159,12,3,'2020-02-15 00:00:00'),(160,5,8,'2020-02-15 00:00:00'),(161,6,8,'2020-02-15 00:00:00'),(162,7,8,'2020-02-15 00:00:00'),(163,11,8,'2020-02-15 00:00:00'),(164,4,8,'2020-02-15 00:00:00'),(165,13,8,'2020-02-15 00:00:00'),(166,10,8,'2020-02-15 00:00:00'),(167,15,8,'2020-02-15 00:00:00'),(168,14,3,'2020-02-16 00:00:00'),(169,2,8,'2020-02-16 00:00:00'),(170,17,3,'2020-02-16 00:00:00'),(171,3,8,'2020-02-16 00:00:00'),(172,12,3,'2020-02-16 00:00:00'),(173,5,8,'2020-02-16 00:00:00'),(174,6,8,'2020-02-16 00:00:00'),(175,7,8,'2020-02-16 00:00:00'),(176,11,8,'2020-02-16 00:00:00'),(177,4,8,'2020-02-16 00:00:00'),(178,10,8,'2020-02-16 00:00:00'),(179,8,8,'2020-02-16 00:00:00'),(180,15,8,'2020-02-16 00:00:00'),(181,13,8,'2020-02-16 00:00:00'),(182,14,3,'2020-02-17 00:00:00'),(183,2,8,'2020-02-17 00:00:00'),(184,17,3,'2020-02-17 00:00:00'),(185,3,8,'2020-02-17 00:00:00'),(186,12,3,'2020-02-17 00:00:00'),(187,5,8,'2020-02-17 00:00:00'),(188,6,15,'2020-02-17 00:00:00'),(189,7,8,'2020-02-17 00:00:00'),(190,11,8,'2020-02-17 00:00:00'),(191,4,8,'2020-02-17 00:00:00'),(192,10,8,'2020-02-17 00:00:00'),(193,8,8,'2020-02-17 00:00:00'),(194,15,10,'2020-02-17 00:00:00'),(195,13,8,'2020-02-17 00:00:00'),(196,14,3,'2020-02-18 00:00:00'),(197,6,38,'2020-02-18 00:00:00'),(198,12,33,'2020-02-18 00:00:00'),(199,3,38,'2020-02-18 00:00:00'),(200,2,38,'2020-02-18 00:00:00'),(201,5,8,'2020-02-18 00:00:00'),(202,8,33,'2020-02-18 00:00:00'),(203,7,38,'2020-02-18 00:00:00'),(204,17,3,'2020-02-18 00:00:00'),(205,4,38,'2020-02-18 00:00:00'),(206,11,8,'2020-02-18 00:00:00'),(207,10,8,'2020-02-18 00:00:00'),(208,18,38,'2020-02-18 00:00:00');

/*Table structure for table `t_sum` */

DROP TABLE IF EXISTS `t_sum`;

CREATE TABLE `t_sum` (
  `sum_id` int(11) NOT NULL AUTO_INCREMENT COMMENT '总积分表id',
  `user_id` int(11) NOT NULL COMMENT '用户id',
  `sum_score` int(11) NOT NULL COMMENT '用户总积分',
  PRIMARY KEY (`sum_id`)
) ENGINE=InnoDB AUTO_INCREMENT=19 DEFAULT CHARSET=utf8;

/*Data for the table `t_sum` */

insert  into `t_sum`(`sum_id`,`user_id`,`sum_score`) values (1,1,9),(2,2,110),(3,3,170),(4,4,169),(5,5,141),(6,6,197),(7,7,184),(8,8,141),(9,9,112),(10,10,78),(11,11,144),(12,12,74),(13,13,51),(14,14,65),(15,15,47),(16,16,8),(17,17,17),(18,18,38);

/*Table structure for table `t_user` */

DROP TABLE IF EXISTS `t_user`;

CREATE TABLE `t_user` (
  `user_id` int(11) NOT NULL AUTO_INCREMENT COMMENT '用户id',
  `user_name` varchar(20) NOT NULL COMMENT '用户姓名',
  `create_date` datetime NOT NULL COMMENT '用注册时间',
  PRIMARY KEY (`user_id`)
) ENGINE=InnoDB AUTO_INCREMENT=19 DEFAULT CHARSET=utf8;

/*Data for the table `t_user` */

insert  into `t_user`(`user_id`,`user_name`,`create_date`) values (1,'小岚宝','2020-02-12 12:28:53'),(2,'瑶瑶','2020-02-12 12:28:59'),(3,'林桂金','2020-02-12 12:29:05'),(4,'杜鹃','2020-02-12 12:29:11'),(5,'爱烟','2020-02-12 12:29:19'),(6,'阿娟','2020-02-12 12:29:25'),(7,'放飞梦想','2020-02-12 12:29:32'),(8,'宾平','2020-02-12 12:29:39'),(9,'飘逸','2020-02-12 12:29:47'),(10,'李想','2020-02-12 12:29:52'),(11,'百卉','2020-02-12 12:29:59'),(12,'湘湘','2020-02-12 12:30:05'),(13,'遇见你造型','2020-02-12 12:30:14'),(14,'刘慧','2020-02-12 12:30:22'),(15,'美玲','2020-02-12 12:30:29'),(16,'慧慧','2020-02-12 12:30:56'),(17,'丫丫','2020-02-15 19:14:24'),(18,'闫大乾','2020-02-19 11:44:25');

/*!40101 SET SQL_MODE=@OLD_SQL_MODE */;
/*!40014 SET FOREIGN_KEY_CHECKS=@OLD_FOREIGN_KEY_CHECKS */;
/*!40014 SET UNIQUE_CHECKS=@OLD_UNIQUE_CHECKS */;
/*!40111 SET SQL_NOTES=@OLD_SQL_NOTES */;
